doc_id,hotel_name,hotel_url,street,city,state,country,zip,class,price,num_reviews,CLEANLINESS,ROOM,SERVICE,LOCATION,VALUE,COMFORT,overall_ratingsource
usa_nevada_las-vegas_staybridge_suites_las_vegas,staybridge suites las vegas,http://www.tripadvisor.com/ShowUserReviews-g45963-d1197075-r50290103-Staybridge_Suites_Las_Vegas-Las_Vegas_Nevada.html,-1,las vegas,nv,usa,89118,-1,-1,113,4.8846153846,4.9134615385,4.7211538462,4.2596153846,4.8557692308,0,4.7269230769
usa_nevada_las-vegas_four_seasons_hotel_las_vegas,four seasons hotel las vegas,http://www.tripadvisor.com/ShowUserReviews-g45963-d91674-r50351846-Four_Seasons_Hotel_Las_Vegas-Las_Vegas_Nevada.html,-1,las vegas,nv,usa,89119,-1,-1,427,4.8233215548,4.6148409894,4.6925795053,4.2190812721,4.3392226148,0,4.5378091873
usa_nevada_las-vegas_desert_rose_resort,desert rose resort,http://www.tripadvisor.com/ShowUserReviews-g45963-d217598-r50312177-Desert_Rose_Resort-Las_Vegas_Nevada.html,-1,las vegas,nv,usa,89119,-1,-1,325,4.6013289037,4.6146179402,4.5481727575,4.4684385382,4.707641196,0,4.5880398671
usa_nevada_las-vegas_signature_at_mgm_grand,signature at mgm grand,http://www.tripadvisor.com/ShowUserReviews-g45963-d601419-r50452764-Signature_at_MGM_Grand-Las_Vegas_Nevada.html,-1,las vegas,nv,usa,89109,-1,-1,324,4.7574750831,4.7607973422,4.4551495017,4.1295681063,4.4551495017,0,4.511627907
usa_nevada_las-vegas_skylofts_at_mgm_grand,skylofts at mgm grand,http://www.tripadvisor.com/ShowUserReviews-g45963-d619205-r50472678-Skylofts_at_MGM_Grand-Las_Vegas_Nevada.html,-1,las vegas,nv,usa,89109,-1,-1,77,4.8636363636,4.8939393939,4.803030303,4.5303030303,4.3787878788,0,4.6939393939
usa_nevada_las-vegas_wingate_by_wyndham_henderson,wingate by wyndham henderson,http://www.tripadvisor.com/ShowUserReviews-g45963-d622849-r47272636-Wingate_by_Wyndham_Henderson-Las_Vegas_Nevada.html,-1,las vegas,nv,usa,89052,-1,-1,33,4.7931034483,4.6896551724,4.7586206897,4.275862069,4.6551724138,0,4.6344827586
usa_nevada_las-vegas_marriott_s_grand_chateau,marriott s grand chateau,http://www.tripadvisor.com/ShowUserReviews-g45963-d567617-r50056282-Marriott_s_Grand_Chateau-Las_Vegas_Nevada.html,-1,las vegas,nv,usa,89109,-1,-1,183,4.6326530612,4.5782312925,4.3197278912,4.4353741497,4.3197278912,0,4.4571428571
usa_nevada_las-vegas_platinum_hotel_and_spa,platinum hotel and spa,http://www.tripadvisor.com/ShowUserReviews-g45963-d610513-r50492467-Platinum_Hotel_and_Spa-Las_Vegas_Nevada.html,-1,las vegas,nv,usa,89169,-1,-1,347,4.6544850498,4.7906976744,4.3322259136,3.9601328904,4.5083056478,0,4.4491694352
usa_nevada_las-vegas_element_by_westin_las_vegas_summerlin,element by westin las vegas summerlin,http://www.tripadvisor.com/ShowUserReviews-g45963-d1149361-r48750791-Element_by_Westin_Las_Vegas_Summerlin-Las_Vegas_Nevada.html,-1,las vegas,nv,usa,89135,-1,-1,25,4.6956521739,4.652173913,4.3913043478,3.7826086957,4.4782608696,0,4.4
usa_nevada_las-vegas_jw_marriott_las_vegas_resort_spa_golf,jw marriott las vegas resort spa golf,http://www.tripadvisor.com/ShowUserReviews-g45963-d124741-r50006922-JW_Marriott_Las_Vegas_Resort_Spa_Golf-Las_Vegas_Nevada.html,-1,las vegas,nv,usa,89145,-1,-1,388,4.6170212766,4.6117021277,4.4095744681,4.0212765957,4.2872340426,0,4.3893617021
usa_nevada_las-vegas_bellagio_las_vegas,bellagio las vegas,http://www.tripadvisor.com/ShowUserReviews-g45963-d91703-r50502245-Bellagio_Las_Vegas-Las_Vegas_Nevada.html,-1,las vegas,nv,usa,89109,-1,-1,337,4.5747508306,4.3222591362,4.1760797342,4.8471760797,3.9700996678,0,4.3780730897
usa_nevada_las-vegas_wynn_las_vegas,wynn las vegas,http://www.tripadvisor.com/ShowUserReviews-g45963-d503598-r50410521-Wynn_Las_Vegas-Las_Vegas_Nevada.html,-1,las vegas,nv,usa,89109,-1,-1,331,4.7408637874,4.584717608,4.2093023256,4.2358803987,3.9734219269,0,4.3488372093
usa_nevada_las-vegas_the_palazzo_resort_hotel_casino,the palazzo resort hotel casino,http://www.tripadvisor.com/ShowUserReviews-g45963-d675000-r50530122-The_Palazzo_Resort_Hotel_Casino-Las_Vegas_Nevada.html,-1,las vegas,nv,usa,89109,-1,-1,324,4.3388704319,4.5681063123,4.0996677741,4.561461794,4.0332225914,0,4.3202657807
usa_nevada_las-vegas_venetian_resort_hotel_casino,venetian resort hotel casino,http://www.tripadvisor.com/ShowUserReviews-g45963-d97704-r50472284-Venetian_Resort_Hotel_Casino-Las_Vegas_Nevada.html,-1,las vegas,nv,usa,89109,-1,-1,339,4.5083056478,4.4053156146,3.950166113,4.6279069767,3.926910299,0,4.2837209302
usa_nevada_las-vegas_south_point_hotel_casino_and_spa,south point hotel casino and spa,http://www.tripadvisor.com/ShowUserReviews-g45963-d570084-r50437268-South_Point_Hotel_Casino_and_Spa-Las_Vegas_Nevada.html,-1,las vegas,nv,usa,89183,-1,-1,347,4.5747508306,4.5083056478,4.0598006645,3.3687707641,4.4983388704,0,4.2019933555
usa_nevada_las-vegas_encore_at_wynn_las_vegas,encore at wynn las vegas,http://www.tripadvisor.com/ShowUserReviews-g45963-d1123368-r50445553-Encore_At_Wynn_Las_Vegas-Las_Vegas_Nevada.html,-1,las vegas,nv,usa,89109,-1,-1,334,4.6943521595,4.5282392027,3.9069767442,3.8106312292,3.7641196013,0,4.1408637874
usa_nevada_las-vegas_palms_place_hotel_spa,palms place hotel spa,http://www.tripadvisor.com/ShowUserReviews-g45963-d858503-r50133798-Palms_Place_Hotel_Spa-Las_Vegas_Nevada.html,-1,las vegas,nv,usa,89104,-1,-1,91,4.4137931034,4.724137931,4.2873563218,3.8045977011,4.4367816092,0,4.3333333333
usa_nevada_las-vegas_bill_s_gamblin_hall_saloon,bill s gamblin hall saloon,http://www.tripadvisor.com/ShowUserReviews-g45963-d91700-r50502256-Bill_s_Gamblin_Hall_Saloon-Las_Vegas_Nevada.html,-1,las vegas,nv,usa,89109,-1,-1,340,4.2724252492,4.1029900332,4.0664451827,4.9102990033,4.6146179402,0,4.3933554817
usa_nevada_las-vegas_summer_bay_resorts_las_vegas_desert_club,summer bay resorts las vegas desert club,http://www.tripadvisor.com/ShowUserReviews-g45963-d1164660-r49659864-Summer_Bay_Resorts_Las_Vegas_Desert_Club-Las_Vegas_Nevada.html,-1,las vegas,nv,usa,89109,-1,-1,32,4.5517241379,4.4137931034,4.2068965517,4.275862069,4.5172413793,0,4.3931034483
usa_nevada_las-vegas_the_carriage_house,the carriage house,http://www.tripadvisor.com/ShowUserReviews-g45963-d91949-r50290234-The_Carriage_House-Las_Vegas_Nevada.html,-1,las vegas,nv,usa,89109,-1,-1,194,4.4301075269,4.311827957,4.3548387097,4.2580645161,4.5053763441,0,4.3720430108
usa_nevada_las-vegas_holiday_inn_express_hotel_and_suites_las_vegas_215_beltway,holiday inn express hotel and suites las vegas 215 beltway,http://www.tripadvisor.com/ShowUserReviews-g45963-d631387-r50377077-Holiday_Inn_Express_Hotel_and_Suites_Las_Vegas_215_Beltway-Las_Vegas_Nevada.html,-1,las vegas,nv,usa,89118,-1,-1,16,4.6923076923,4.6153846154,4.7692307692,4.3846153846,4.7692307692,0,4.6461538462
usa_nevada_las-vegas_mirage_hotel_casino,mirage hotel casino,http://www.tripadvisor.com/ShowUserReviews-g45963-d97737-r50483102-Mirage_Hotel_Casino-Las_Vegas_Nevada.html,-1,las vegas,nv,usa,89109,-1,-1,327,4.4252491694,4.2325581395,4.1295681063,4.780730897,4.1627906977,0,4.346179402
usa_nevada_las-vegas_the_orleans_hotel_casino,the orleans hotel casino,http://www.tripadvisor.com/ShowUserReviews-g45963-d91907-r50343309-The_Orleans_Hotel_Casino-Las_Vegas_Nevada.html,-1,las vegas,nv,usa,89103,-1,-1,349,4.1661129568,3.9900332226,4.0033222591,3.4717607973,4.2823920266,0,3.9827242525
usa_nevada_las-vegas_hilton_grand_vacations_suites_on_the_las_vegas_strip,hilton grand vacations suites on the las vegas strip,http://www.tripadvisor.com/ShowUserReviews-g45963-d277720-r50315689-Hilton_Grand_Vacations_Suites_on_the_Las_Vegas_Strip-Las_Vegas_Nevada.html,-1,las vegas,nv,usa,89109,-1,-1,363,4.5458167331,4.5059760956,4.2749003984,3.3147410359,4.2390438247,0,4.1760956175
usa_nevada_las-vegas_renaissance_las_vegas_hotel,renaissance las vegas hotel,http://www.tripadvisor.com/ShowUserReviews-g45963-d489077-r50191193-Renaissance_Las_Vegas_Hotel-Las_Vegas_Nevada.html,-1,las vegas,nv,usa,89169,-1,-1,262,4.598540146,4.3795620438,4.3430656934,3.6569343066,4.2189781022,0,4.2394160584
usa_nevada_las-vegas_thehotel_at_mandalay_bay,thehotel at mandalay bay,http://www.tripadvisor.com/ShowUserReviews-g45963-d496876-r50445975-THEhotel_at_Mandalay_Bay-Las_Vegas_Nevada.html,-1,las vegas,nv,usa,89119,-1,-1,338,4.3122923588,4.415282392,3.9601328904,3.5581395349,3.8571428571,0,4.0205980066
usa_nevada_las-vegas_main_street_station_hotel_casino,main street station hotel casino,http://www.tripadvisor.com/ShowUserReviews-g45963-d91885-r50012906-Main_Street_Station_Hotel_Casino-Las_Vegas_Nevada.html,-1,las vegas,nv,usa,89101,-1,-1,136,4.3924050633,4.1139240506,4.1139240506,3.7974683544,4.5063291139,0,4.1848101266
usa_nevada_las-vegas_hilton_grand_vacations_club_at_the_flamingo_las_vegas,hilton grand vacations club at the flamingo las vegas,http://www.tripadvisor.com/ShowUserReviews-g45963-d217597-r49776428-Hilton_Grand_Vacations_Club_at_the_Flamingo_Las_Vegas-Las_Vegas_Nevada.html,-1,las vegas,nv,usa,89109,-1,-1,113,4.265625,4.21875,4.140625,4.703125,4.328125,0,4.33125
usa_nevada_las-vegas_wyndham_grand_desert,wyndham grand desert,http://www.tripadvisor.com/ShowUserReviews-g45963-d252869-r49367219-Wyndham_Grand_Desert-Las_Vegas_Nevada.html,-1,las vegas,nv,usa,89109,-1,-1,281,4.4580645161,4.2967741935,4.1032258065,3.7870967742,4.2387096774,0,4.1767741935
usa_nevada_las-vegas_embassy_suites_hotel_convention_center_paradise_road_las_vegas,embassy suites hotel convention center paradise road las vegas,http://www.tripadvisor.com/ShowUserReviews-g45963-d121330-r50502840-Embassy_Suites_Hotel_Convention_Center_Paradise_Road_Las_Vegas-Las_Vegas_Nevada.html,-1,las vegas,nv,usa,89109,-1,-1,127,4.2941176471,4.0735294118,4.1029411765,3.7058823529,4.1323529412,0,4.0617647059
usa_nevada_las-vegas_suncoast_hotel_and_casino,suncoast hotel and casino,http://www.tripadvisor.com/ShowUserReviews-g45963-d121307-r50495505-Suncoast_Hotel_and_Casino-Las_Vegas_Nevada.html,-1,las vegas,nv,usa,89145,-1,-1,161,4.4743589744,4.3333333333,4.0384615385,3.7435897436,4.3205128205,0,4.1820512821
usa_nevada_las-vegas_the_mansion_at_mgm_grand,the mansion at mgm grand,http://www.tripadvisor.com/ShowUserReviews-g45963-d585748-r47271423-The_Mansion_at_MGM_Grand-Las_Vegas_Nevada.html,-1,las vegas,nv,usa,89109,-1,-1,10,5,5,5,5,5,0,5
usa_nevada_las-vegas_treasure_island_ti_hotel_casino,treasure island ti hotel casino,http://www.tripadvisor.com/ShowUserReviews-g45963-d91967-r50524557-Treasure_Island_TI_Hotel_Casino-Las_Vegas_Nevada.html,-1,las vegas,nv,usa,89109,-1,-1,330,4.3953488372,4.1727574751,3.8471760797,4.5581395349,4.1727574751,0,4.2292358804
usa_nevada_las-vegas_golden_nugget,golden nugget,http://www.tripadvisor.com/ShowUserReviews-g45963-d91828-r50385129-Golden_Nugget-Las_Vegas_Nevada.html,-1,las vegas,nv,usa,89101,-1,-1,332,4.2724252492,4.0564784053,3.9833887043,4.0465116279,4.1395348837,0,4.0996677741
usa_nevada_las-vegas_hampton_inn_suites_las_vegas_west_summerlin,hampton inn suites las vegas west summerlin,http://www.tripadvisor.com/ShowUserReviews-g45963-d653214-r45323852-Hampton_Inn_Suites_Las_Vegas_West_Summerlin-Las_Vegas_Nevada.html,-1,las vegas,nv,usa,89147,-1,-1,14,4.7692307692,4.6923076923,4.6153846154,3.8461538462,4.4615384615,0,4.4769230769
usa_nevada_las-vegas_red_rock_casino_resort_spa,red rock casino resort spa,http://www.tripadvisor.com/ShowUserReviews-g45963-d596543-r50430516-Red_Rock_Casino_Resort_Spa-Las_Vegas_Nevada.html,-1,las vegas,nv,usa,89135,-1,-1,378,4.5663082437,4.6093189964,4.0716845878,3.6200716846,3.9713261649,0,4.1677419355
usa_nevada_las-vegas_embassy_suites_las_vegas_airport,embassy suites las vegas airport,http://www.tripadvisor.com/ShowUserReviews-g45963-d97971-r43453654-Embassy_Suites_Las_Vegas_Airport-Las_Vegas_Nevada.html,-1,las vegas,nv,usa,89119,-1,-1,91,4.3125,4.265625,4.3125,3.75,4.203125,0,4.16875
usa_nevada_las-vegas_hilton_garden_inn_las_vegas_strip_south,hilton garden inn las vegas strip south,http://www.tripadvisor.com/ShowUserReviews-g45963-d503601-r48071091-Hilton_Garden_Inn_Las_Vegas_Strip_South-Las_Vegas_Nevada.html,-1,las vegas,nv,usa,89123,-1,-1,34,4.7826086957,4.5217391304,4.347826087,3.6956521739,4.0434782609,0,4.2782608696
usa_nevada_las-vegas_sam_s_town_hotel_and_gambling_hall,sam s town hotel and gambling hall,http://www.tripadvisor.com/ShowUserReviews-g45963-d91675-r50525207-Sam_s_Town_Hotel_and_Gambling_Hall-Las_Vegas_Nevada.html,-1,las vegas,nv,usa,89122,-1,-1,192,4.2121212121,3.9797979798,4.1414141414,3.3232323232,4.3939393939,0,4.0101010101
usa_nevada_las-vegas_springhill_suites_las_vegas_convention_center,springhill suites las vegas convention center,http://www.tripadvisor.com/ShowUserReviews-g45963-d1200920-r50448588-SpringHill_Suites_Las_Vegas_Convention_Center-Las_Vegas_Nevada.html,-1,las vegas,nv,usa,89109,-1,-1,5,4.75,4.75,4.75,4,4.5,0,4.55
usa_nevada_las-vegas_marriott_suites_las_vegas,marriott suites las vegas,http://www.tripadvisor.com/ShowUserReviews-g45963-d111712-r49191566-Marriott_Suites_Las_Vegas-Las_Vegas_Nevada.html,-1,las vegas,nv,usa,89109,-1,-1,55,4.625,4.475,4.3,3.525,4.25,0,4.235
usa_nevada_las-vegas_mgm_grand_hotel_and_casino,mgm grand hotel and casino,http://www.tripadvisor.com/ShowUserReviews-g45963-d91891-r50388077-MGM_Grand_Hotel_and_Casino-Las_Vegas_Nevada.html,-1,las vegas,nv,usa,89109,-1,-1,339,4.3222591362,3.8372093023,3.8106312292,4.0664451827,3.9568106312,0,3.9986710963
usa_nevada_las-vegas_caesars_palace_classic_hotel,caesars palace classic hotel,http://www.tripadvisor.com/ShowUserReviews-g45963-d91762-r50526924-Caesars_Palace_Classic_Hotel-Las_Vegas_Nevada.html,-1,las vegas,nv,usa,89109,-1,-1,330,4.1794019934,4.0431893688,3.7009966777,4.6644518272,3.5714285714,0,4.0318936877
usa_nevada_las-vegas_holiday_inn_express_las_vegas_south,holiday inn express las vegas south,http://www.tripadvisor.com/ShowUserReviews-g45963-d295317-r50366502-Holiday_Inn_Express_Las_Vegas_South-Las_Vegas_Nevada.html,-1,las vegas,nv,usa,89118,-1,-1,110,4.5394736842,4.3552631579,4.4210526316,3.8421052632,4.3815789474,0,4.3078947368
usa_nevada_las-vegas_paris_las_vegas_hotel,paris las vegas hotel,http://www.tripadvisor.com/ShowUserReviews-g45963-d143336-r50340251-Paris_Las_Vegas_Hotel-Las_Vegas_Nevada.html,-1,las vegas,nv,usa,89109,-1,-1,333,4.1926910299,3.8006644518,3.6943521595,4.7508305648,3.8205980066,0,4.0518272425
usa_nevada_las-vegas_tuscany_suites_casino,tuscany suites casino,http://www.tripadvisor.com/ShowUserReviews-g45963-d224853-r50510814-Tuscany_Suites_Casino-Las_Vegas_Nevada.html,-1,las vegas,nv,usa,89107,-1,-1,450,3.9917355372,3.8016528926,3.5537190083,3.7024793388,3.9380165289,0,3.7975206612
usa_nevada_las-vegas_trump_international_hotel_tower_las_vegas,trump international hotel tower las vegas,http://www.tripadvisor.com/ShowUserReviews-g45963-d1022061-r50422033-Trump_International_Hotel_Tower_Las_Vegas-Las_Vegas_Nevada.html,-1,las vegas,nv,usa,89109,-1,-1,315,4.3488372093,4.365448505,3.7641196013,3.219269103,3.8803986711,0,3.9156146179
usa_nevada_las-vegas_microtel_inn_suites_las_vegas,microtel inn suites las vegas,http://www.tripadvisor.com/ShowUserReviews-g45963-d650783-r48702875-Microtel_Inn_Suites_Las_Vegas-Las_Vegas_Nevada.html,-1,las vegas,nv,usa,89123,-1,-1,19,4.6315789474,4.2105263158,4.1578947368,3.6315789474,4.3684210526,0,4.2
usa_nevada_las-vegas_la_quinta_summerlin_tech,la quinta summerlin tech,http://www.tripadvisor.com/ShowUserReviews-g45963-d91871-r47123656-La_Quinta_Summerlin_Tech-Las_Vegas_Nevada.html,-1,las vegas,nv,usa,89128-0455,-1,-1,17,4,4.3333333333,4.1666666667,3.6666666667,4.5,0,4.1333333333
usa_nevada_las-vegas_four_queens_hotel_and_casino,four queens hotel and casino,http://www.tripadvisor.com/ShowUserReviews-g45963-d91816-r50361737-Four_Queens_Hotel_and_Casino-Las_Vegas_Nevada.html,-1,las vegas,nv,usa,89101,-1,-1,437,4.1180555556,3.8229166667,4.0069444444,4.2986111111,4.2430555556,0,4.0979166667
usa_nevada_las-vegas_cancun_resort,cancun resort,http://www.tripadvisor.com/ShowUserReviews-g45963-d277719-r49556848-Cancun_Resort-Las_Vegas_Nevada.html,-1,las vegas,nv,usa,89123,-1,-1,164,4.1875,3.9166666667,3.7916666667,3.4791666667,3.90625,0,3.85625
usa_nevada_las-vegas_mandalay_bay_resort_casino,mandalay bay resort casino,http://www.tripadvisor.com/ShowUserReviews-g45963-d91886-r50501099-Mandalay_Bay_Resort_Casino-Las_Vegas_Nevada.html,-1,las vegas,nv,usa,89119,-1,-1,332,4.2491694352,4.1162790698,3.8139534884,3.3289036545,3.561461794,0,3.8139534884
usa_nevada_las-vegas_new_york_new_york_hotel_and_casino,new york new york hotel and casino,http://www.tripadvisor.com/ShowUserReviews-g45963-d91904-r50436706-New_York_New_York_Hotel_and_Casino-Las_Vegas_Nevada.html,-1,las vegas,nv,usa,89109,-1,-1,334,4.1029900332,3.6677740864,3.6511627907,4.0166112957,3.7607973422,0,3.8398671096
usa_nevada_las-vegas_homewood_suites_las_vegas_airport,homewood suites las vegas airport,http://www.tripadvisor.com/ShowUserReviews-g45963-d679044-r50234092-Homewood_Suites_Las_Vegas_Airport-Las_Vegas_Nevada.html,-1,las vegas,nv,usa,89119,-1,-1,23,4.5238095238,4.4761904762,4.1428571429,3.7142857143,4.3333333333,0,4.2380952381
usa_nevada_las-vegas_planet_hollywood_resort_casino,planet hollywood resort casino,http://www.tripadvisor.com/ShowUserReviews-g45963-d91687-r50464081-Planet_Hollywood_Resort_Casino-Las_Vegas_Nevada.html,-1,las vegas,nv,usa,89109,-1,-1,337,4.0598006645,3.8438538206,3.6843853821,4.7043189369,3.950166113,0,4.0485049834
usa_nevada_las-vegas_grandview_at_las_vegas,grandview at las vegas,http://www.tripadvisor.com/ShowUserReviews-g45963-d460081-r50381049-Grandview_at_Las_Vegas-Las_Vegas_Nevada.html,-1,las vegas,nv,usa,89123,-1,-1,323,4.3130434783,4.2130434783,3.7043478261,3.3565217391,4.0869565217,0,3.9347826087
usa_nevada_las-vegas_terrible_s_hotel_casino,terrible s hotel casino,http://www.tripadvisor.com/ShowUserReviews-g45963-d224849-r50145281-Terrible_s_Hotel_Casino-Las_Vegas_Nevada.html,-1,las vegas,nv,usa,89109,-1,-1,237,3.7766990291,3.7184466019,3.6796116505,3.4854368932,4.1747572816,0,3.7669902913
usa_nevada_las-vegas_hilton_grand_vacation_suites_las_vegas_convention_center,hilton grand vacation suites las vegas convention center,http://www.tripadvisor.com/ShowUserReviews-g45963-d234836-r49516835-Hilton_Grand_Vacation_Suites_Las_Vegas_Convention_Center-Las_Vegas_Nevada.html,-1,las vegas,nv,usa,89109,-1,-1,124,4.3382352941,4.0588235294,4.2058823529,3.4852941176,4.1029411765,0,4.0382352941
usa_nevada_las-vegas_desert_paradise_resort,desert paradise resort,http://www.tripadvisor.com/ShowUserReviews-g45963-d286472-r48148311-Desert_Paradise_Resort-Las_Vegas_Nevada.html,-1,las vegas,nv,usa,89118,-1,-1,61,4.3666666667,4.1666666667,4,3.8,4.2333333333,0,4.1133333333
usa_nevada_las-vegas_tahiti_village,tahiti village,http://www.tripadvisor.com/ShowUserReviews-g45963-d628433-r49994058-Tahiti_Village-Las_Vegas_Nevada.html,-1,las vegas,nv,usa,89119,-1,-1,214,4.406779661,4.2824858757,3.581920904,3.6553672316,4.0282485876,0,3.990960452
usa_nevada_las-vegas_hampton_inn_tropicana,hampton inn tropicana,http://www.tripadvisor.com/ShowUserReviews-g45963-d121328-r49370260-Hampton_Inn_Tropicana-Las_Vegas_Nevada.html,-1,las vegas,nv,usa,89118-1655,-1,-1,64,4.4,4.2,4.0571428571,3.6857142857,4.0571428571,0,4.08
usa_nevada_las-vegas_tahiti_vacation_club,tahiti vacation club,http://www.tripadvisor.com/ShowUserReviews-g45963-d523862-r50236723-Tahiti_Vacation_Club-Las_Vegas_Nevada.html,-1,las vegas,nv,usa,89103,-1,-1,45,4.1785714286,4.0357142857,3.6071428571,3.7857142857,4.1785714286,0,3.9571428571
usa_nevada_las-vegas_residence_inn_las_vegas_south,residence inn las vegas south,http://www.tripadvisor.com/ShowUserReviews-g45963-d287616-r47968343-Residence_Inn_Las_Vegas_South-Las_Vegas_Nevada.html,-1,las vegas,nv,usa,89118,-1,-1,47,4.46875,4.3125,4.34375,3.96875,4.125,0,4.24375
usa_nevada_las-vegas_gold_coast_hotel_and_casino,gold coast hotel and casino,http://www.tripadvisor.com/ShowUserReviews-g45963-d91823-r50116245-Gold_Coast_Hotel_and_Casino-Las_Vegas_Nevada.html,-1,las vegas,nv,usa,89103,-1,-1,382,3.9891304348,3.7010869565,3.777173913,3.5489130435,4.2119565217,0,3.8456521739
usa_nevada_las-vegas_hotel32_at_monte_carlo,hotel32 at monte carlo,http://www.tripadvisor.com/ShowUserReviews-g45963-d1526513-r48784858-Hotel32_at_Monte_Carlo-Las_Vegas_Nevada.html,-1,las vegas,nv,usa,-1,-1,-1,5,4.75,3.75,4.5,4.75,3.5,0,4.25
usa_nevada_las-vegas_cliffs_at_peace_canyon,cliffs at peace canyon,http://www.tripadvisor.com/ShowUserReviews-g45963-d530410-r47450119-Cliffs_at_Peace_Canyon-Las_Vegas_Nevada.html,-1,las vegas,nv,usa,89147,-1,-1,94,4.3559322034,4.2372881356,3.9830508475,4.1186440678,4.3050847458,0,4.2
usa_nevada_las-vegas_doubletree_club_hotel_las_vegas_airport,doubletree club hotel las vegas airport,http://www.tripadvisor.com/ShowUserReviews-g45963-d91773-r46866418-Doubletree_Club_Hotel_Las_Vegas_Airport-Las_Vegas_Nevada.html,-1,las vegas,nv,usa,89119,-1,-1,68,4.125,4.075,4.1,3.925,4.125,0,4.07
usa_nevada_las-vegas_bally_s_las_vegas_hotel_casino,bally s las vegas hotel casino,http://www.tripadvisor.com/ShowUserReviews-g45963-d121312-r50539569-Bally_s_Las_Vegas_Hotel_Casino-Las_Vegas_Nevada.html,-1,las vegas,nv,usa,89109,-1,-1,324,3.7940199336,3.5913621262,3.5946843854,4.6245847176,3.9933554817,0,3.9196013289
usa_nevada_las-vegas_stratosphere_hotel_casino_and_tower,stratosphere hotel casino and tower,http://www.tripadvisor.com/ShowUserReviews-g45963-d114898-r50467273-Stratosphere_Hotel_Casino_and_Tower-Las_Vegas_Nevada.html,-1,las vegas,nv,usa,89104,-1,-1,338,3.9235880399,3.6079734219,3.4916943522,2.8006644518,4.0099667774,0,3.5667774086
usa_nevada_las-vegas_polo_towers,polo towers,http://www.tripadvisor.com/ShowUserReviews-g45963-d91916-r49086983-Polo_Towers-Las_Vegas_Nevada.html,-1,las vegas,nv,usa,89109,-1,-1,171,4.0609756098,3.8780487805,3.756097561,4.3048780488,3.8536585366,0,3.9707317073
usa_nevada_las-vegas_fairfield_inn_las_vegas_airport,fairfield inn las vegas airport,http://www.tripadvisor.com/ShowUserReviews-g45963-d91814-r46217468-Fairfield_Inn_Las_Vegas_Airport-Las_Vegas_Nevada.html,-1,las vegas,nv,usa,89109,-1,-1,30,4.6111111111,3.9444444444,4.1666666667,3.4444444444,3.8888888889,0,4.0111111111
usa_nevada_las-vegas_jockey_club,jockey club,http://www.tripadvisor.com/ShowUserReviews-g45963-d91866-r49918025-Jockey_Club-Las_Vegas_Nevada.html,-1,las vegas,nv,usa,89109,-1,-1,194,4,3.8404255319,3.7659574468,4.329787234,3.829787234,0,3.9531914894
usa_nevada_las-vegas_el_cortez_hotel_casino,el cortez hotel casino,http://www.tripadvisor.com/ShowUserReviews-g45963-d111692-r50501810-El_Cortez_Hotel_Casino-Las_Vegas_Nevada.html,-1,las vegas,nv,usa,89101,-1,-1,236,4.0731707317,3.8861788618,3.8130081301,3.5365853659,4.2520325203,0,3.912195122
usa_nevada_las-vegas_crestwood_suites_las_vegas_boulevard,crestwood suites las vegas boulevard,http://www.tripadvisor.com/ShowUserReviews-g45963-d224836-r49986662-Crestwood_Suites_Las_Vegas_Boulevard-Las_Vegas_Nevada.html,-1,las vegas,nv,usa,89119,-1,-1,33,3.5185185185,3.5925925926,3.6666666667,3.8518518519,3.8148148148,0,3.6888888889
usa_nevada_las-vegas_golden_gate_hotel_casino,golden gate hotel casino,http://www.tripadvisor.com/ShowUserReviews-g45963-d91826-r50297653-Golden_Gate_Hotel_Casino-Las_Vegas_Nevada.html,-1,las vegas,nv,usa,89101,-1,-1,107,3.7878787879,3.1818181818,3.7272727273,4.196969697,4.2424242424,0,3.8272727273
usa_nevada_las-vegas_la_quinta_inn_and_suites_las_vegas_west,la quinta inn and suites las vegas west,http://www.tripadvisor.com/ShowUserReviews-g45963-d224834-r49242159-La_Quinta_Inn_and_Suites_Las_Vegas_West-Las_Vegas_Nevada.html,-1,las vegas,nv,usa,89117,-1,-1,18,4.1428571429,3.8571428571,4.0714285714,3.5,4.0714285714,0,3.9285714286
usa_nevada_las-vegas_emerald_suites,emerald suites,http://www.tripadvisor.com/ShowUserReviews-g45963-d257173-r50511905-Emerald_Suites-Las_Vegas_Nevada.html,-1,las vegas,nv,usa,89123,-1,-1,90,4.0147058824,3.7205882353,3.8382352941,3.8088235294,4.0294117647,0,3.8823529412
usa_nevada_las-vegas_emerald_suites_cameron,emerald suites cameron,http://www.tripadvisor.com/ShowUserReviews-g45963-d526105-r49651140-Emerald_Suites_Cameron-Las_Vegas_Nevada.html,-1,las vegas,nv,usa,89103,-1,-1,42,3.9,3.7,3.6666666667,3.8666666667,4.0333333333,0,3.8333333333
usa_nevada_las-vegas_hyatt_place_las_vegas,hyatt place las vegas,http://www.tripadvisor.com/ShowUserReviews-g45963-d91693-r47111687-Hyatt_Place_Las_Vegas-Las_Vegas_Nevada.html,-1,las vegas,nv,usa,89109,-1,-1,33,4.1290322581,4.0322580645,4,3.3548387097,3.9677419355,0,3.8967741935
usa_nevada_las-vegas_eastside_cannery_casino_hotel,eastside cannery casino hotel,http://www.tripadvisor.com/ShowUserReviews-g45963-d1216541-r50130694-Eastside_Cannery_Casino_Hotel-Las_Vegas_Nevada.html,-1,las vegas,nv,usa,89122,-1,-1,23,4.5,4.35,3.9,3.45,4.45,0,4.13
usa_nevada_las-vegas_harrah_s_las_vegas_casino_hotel,harrah s las vegas casino hotel,http://www.tripadvisor.com/ShowUserReviews-g45963-d114889-r50416977-Harrah_s_Las_Vegas_Casino_Hotel-Las_Vegas_Nevada.html,-1,las vegas,nv,usa,89109,-1,-1,344,3.9368770764,3.5215946844,3.5149501661,4.5415282392,3.853820598,0,3.8737541528
usa_nevada_las-vegas_courtyard_by_marriott_las_vegas_south,courtyard by marriott las vegas south,http://www.tripadvisor.com/ShowUserReviews-g45963-d294793-r49120774-Courtyard_by_Marriott_Las_Vegas_South-Las_Vegas_Nevada.html,-1,las vegas,nv,usa,89118,-1,-1,31,4.2916666667,4.1666666667,4.4583333333,3.8333333333,4.0416666667,0,4.1583333333
usa_nevada_las-vegas_excalibur_hotel_casino,excalibur hotel casino,http://www.tripadvisor.com/ShowUserReviews-g45963-d97786-r50497055-Excalibur_Hotel_Casino-Las_Vegas_Nevada.html,-1,las vegas,nv,usa,89109-4300,-1,-1,334,3.4684385382,3.3289036545,3.3322259136,4.0365448505,3.9069767442,0,3.6146179402
usa_nevada_las-vegas_residence_inn_las_vegas_hughes_center,residence inn las vegas hughes center,http://www.tripadvisor.com/ShowUserReviews-g45963-d91920-r48796273-Residence_Inn_Las_Vegas_Hughes_Center-Las_Vegas_Nevada.html,-1,las vegas,nv,usa,89109,-1,-1,40,4.375,4.1666666667,4.25,4.125,4.1666666667,0,4.2166666667
usa_nevada_las-vegas_summer_bay_resort_las_vegas,summer bay resort las vegas,http://www.tripadvisor.com/ShowUserReviews-g45963-d296425-r50369285-Summer_Bay_Resort_Las_Vegas-Las_Vegas_Nevada.html,-1,las vegas,nv,usa,89109,-1,-1,194,3.8095238095,3.5833333333,3.6071428571,3.9166666667,3.6785714286,0,3.719047619
usa_nevada_las-vegas_fremont_hotel_and_casino,fremont hotel and casino,http://www.tripadvisor.com/ShowUserReviews-g45963-d111699-r49857360-Fremont_Hotel_and_Casino-Las_Vegas_Nevada.html,-1,las vegas,nv,usa,89101,-1,-1,121,4.04,3.64,4.0533333333,4.3333333333,4.16,0,4.0453333333
usa_nevada_las-vegas_el_cortez_cabana_suites,el cortez cabana suites,http://www.tripadvisor.com/ShowUserReviews-g45963-d1453252-r48206155-El_Cortez_Cabana_Suites-Las_Vegas_Nevada.html,-1,las vegas,nv,usa,89101,-1,-1,9,4.5714285714,4.1428571429,4.1428571429,3.5714285714,4.5714285714,0,4.2
usa_nevada_las-vegas_rio_suite_hotel_and_casino,rio suite hotel and casino,http://www.tripadvisor.com/ShowUserReviews-g45963-d91673-r50462096-Rio_Suite_Hotel_and_Casino-Las_Vegas_Nevada.html,-1,las vegas,nv,usa,89103,-1,-1,351,3.7109634551,3.6777408638,3.5249169435,3.0465116279,3.5681063123,0,3.5056478405
usa_nevada_las-vegas_falcon_ridge_hotel,falcon ridge hotel,http://www.tripadvisor.com/ShowUserReviews-g45963-d561198-r47683734-Falcon_Ridge_Hotel-Las_Vegas_Nevada.html,-1,las vegas,nv,usa,89027,-1,-1,63,4.2121212121,4.0303030303,3.9696969697,4.0606060606,4.1515151515,0,4.0848484848
usa_nevada_las-vegas_rodeway_inn_convention_center,rodeway inn convention center,http://www.tripadvisor.com/ShowUserReviews-g45963-d91979-r48081585-Rodeway_Inn_Convention_Center-Las_Vegas_Nevada.html,-1,las vegas,nv,usa,89109,-1,-1,57,3.8529411765,3.9411764706,3.3235294118,3.8529411765,4,0,3.7941176471
usa_nevada_las-vegas_worldmark_tropicana,worldmark tropicana,http://www.tripadvisor.com/ShowUserReviews-g45963-d1126185-r38834925-Worldmark_Tropicana-Las_Vegas_Nevada.html,-1,las vegas,nv,usa,89103,-1,-1,5,4.75,4.5,4,3.5,4.25,0,4.2
usa_nevada_las-vegas_flamingo_hotel_casino,flamingo hotel casino,http://www.tripadvisor.com/ShowUserReviews-g45963-d91844-r50532011-Flamingo_Hotel_Casino-Las_Vegas_Nevada.html,-1,las vegas,nv,usa,89109,-1,-1,334,3.2059800664,3.2558139535,3.2956810631,4.6511627907,3.7109634551,0,3.6239202658
usa_nevada_las-vegas_monte_carlo_resort_casino,monte carlo resort casino,http://www.tripadvisor.com/ShowUserReviews-g45963-d97712-r50507126-Monte_Carlo_Resort_Casino-Las_Vegas_Nevada.html,-1,las vegas,nv,usa,89109,-1,-1,331,3.7043189369,3.2425249169,3.584717608,4.1362126246,3.7441860465,0,3.6823920266
usa_nevada_las-vegas_la_quinta_inn_las_vegas_airport,la quinta inn las vegas airport,http://www.tripadvisor.com/ShowUserReviews-g45963-d91873-r47358207-La_Quinta_Inn_Las_Vegas_Airport-Las_Vegas_Nevada.html,-1,las vegas,nv,usa,89109,-1,-1,43,3.65,3.5,3.7,3.4,3.65,0,3.58
usa_nevada_las-vegas_las_vegas_club_36,las vegas club 36,http://www.tripadvisor.com/ShowUserReviews-g45963-d1145601-r50421347-Las_Vegas_Club_36-Las_Vegas_Nevada.html,-1,las vegas,nv,usa,89169,-1,-1,33,4.0357142857,3.9285714286,3.5357142857,2.8571428571,3.5714285714,0,3.5857142857
usa_nevada_las-vegas_meridian_luxury_suites,meridian luxury suites,http://www.tripadvisor.com/ShowUserReviews-g45963-d649363-r49834849-Meridian_Luxury_Suites-Las_Vegas_Nevada.html,-1,las vegas,nv,usa,89169,-1,-1,90,4.0289855072,4.3913043478,3.6231884058,3.9855072464,3.9855072464,0,4.0028985507
usa_nevada_las-vegas_hard_rock_hotel_and_casino,hard rock hotel and casino,http://www.tripadvisor.com/ShowUserReviews-g45963-d91840-r50515232-Hard_Rock_Hotel_and_Casino-Las_Vegas_Nevada.html,-1,las vegas,nv,usa,89109,-1,-1,386,3.5867346939,3.4285714286,3.2346938776,2.9336734694,3.112244898,0,3.2591836735
usa_nevada_las-vegas_the_palms_casino_hotel,the palms casino hotel,http://www.tripadvisor.com/ShowUserReviews-g45963-d208820-r50172873-The_Palms_Casino_Hotel-Las_Vegas_Nevada.html,-1,las vegas,nv,usa,89103,-1,-1,339,3.7348066298,3.6408839779,3.453038674,3.0165745856,3.4143646409,0,3.4519337017
usa_nevada_las-vegas_silverton_hotel_and_casino,silverton hotel and casino,http://www.tripadvisor.com/ShowUserReviews-g45963-d97691-r50311238-Silverton_Hotel_and_Casino-Las_Vegas_Nevada.html,-1,las vegas,nv,usa,89139,-1,-1,103,3.7796610169,3.6610169492,3.5084745763,3.3220338983,3.6779661017,0,3.5898305085
usa_nevada_las-vegas_club_de_soleil,club de soleil,http://www.tripadvisor.com/ShowUserReviews-g45963-d97687-r50194577-Club_de_Soleil-Las_Vegas_Nevada.html,-1,las vegas,nv,usa,89109,-1,-1,106,4.2,3.7636363636,3.8363636364,3.3090909091,3.9090909091,0,3.8036363636
usa_nevada_las-vegas_casino_royale_and_hotel,casino royale and hotel,http://www.tripadvisor.com/ShowUserReviews-g45963-d264967-r50112140-Casino_Royale_and_Hotel-Las_Vegas_Nevada.html,-1,las vegas,nv,usa,89109,-1,-1,83,3.8205128205,3.4871794872,3.5641025641,4.8205128205,4.2051282051,0,3.9794871795
usa_nevada_las-vegas_las_vegas_hilton,las vegas hilton,http://www.tripadvisor.com/ShowUserReviews-g45963-d91878-r50516126-Las_Vegas_Hilton-Las_Vegas_Nevada.html,-1,las vegas,nv,usa,89109,-1,-1,336,3.6079734219,3.4584717608,3.2458471761,3.0863787375,3.5049833887,0,3.380730897
usa_nevada_las-vegas_hampton_inn_las_vegas_summerlin,hampton inn las vegas summerlin,http://www.tripadvisor.com/ShowUserReviews-g45963-d91839-r32645368-Hampton_Inn_Las_Vegas_Summerlin-Las_Vegas_Nevada.html,-1,las vegas,nv,usa,89128,-1,-1,18,4.75,4.25,4.5,3.75,4.5,0,4.35
usa_nevada_las-vegas_binion_s_horseshoe_hotel_casino_las_vegas,binion s horseshoe hotel casino las vegas,http://www.tripadvisor.com/ShowUserReviews-g45963-d91729-r49630112-Binion_s_Horseshoe_Hotel_Casino_Las_Vegas-Las_Vegas_Nevada.html,-1,las vegas,nv,usa,89101,-1,-1,120,3.131147541,2.6885245902,3.4918032787,4.0491803279,3.4754098361,0,3.3672131148
usa_nevada_las-vegas_the_westin_casuarina_las_vegas_hotel_casino_spa,the westin casuarina las vegas hotel casino spa,http://www.tripadvisor.com/ShowUserReviews-g45963-d114892-r50050359-The_Westin_Casuarina_Las_Vegas_Hotel_Casino_Spa-Las_Vegas_Nevada.html,-1,las vegas,nv,usa,89109,-1,-1,357,3.7441860465,3.584717608,3.5681063123,3.5581395349,3.4518272425,0,3.5813953488
usa_nevada_las-vegas_travelodge_ambassador_strip_inn,travelodge ambassador strip inn,http://www.tripadvisor.com/ShowUserReviews-g45963-d91779-r48695774-Travelodge_Ambassador_Strip_Inn-Las_Vegas_Nevada.html,-1,las vegas,nv,usa,89119,-1,-1,22,3.3529411765,3.0588235294,3.2352941176,3.4117647059,3.4117647059,0,3.2941176471
usa_nevada_las-vegas_la_quinta_inn_nellis,la quinta inn nellis,http://www.tripadvisor.com/ShowUserReviews-g45963-d241163-r49285511-La_Quinta_Inn_Nellis-Las_Vegas_Nevada.html,-1,las vegas,nv,usa,89115,-1,-1,13,3.6363636364,3.9090909091,3.5454545455,3.1818181818,4.0909090909,0,3.6727272727
usa_nevada_las-vegas_luxor_las_vegas,luxor las vegas,http://www.tripadvisor.com/ShowUserReviews-g45963-d111709-r50508248-Luxor_Las_Vegas-Las_Vegas_Nevada.html,-1,las vegas,nv,usa,89119,-1,-1,345,3.4252491694,2.9933554817,3.2093023256,3.3222591362,3.3853820598,0,3.2671096346
usa_nevada_las-vegas_residence_inn_las_vegas_convention_center,residence inn las vegas convention center,http://www.tripadvisor.com/ShowUserReviews-g45963-d111722-r44872548-Residence_Inn_Las_Vegas_Convention_Center-Las_Vegas_Nevada.html,-1,las vegas,nv,usa,89109,-1,-1,28,4,3.5882352941,3.8235294118,3.9411764706,3.6470588235,0,3.8
usa_nevada_las-vegas_royal_vacation_suites_hotel_las_vegas,royal vacation suites hotel las vegas,http://www.tripadvisor.com/ShowUserReviews-g45963-d91682-r49989639-Royal_Vacation_Suites_Hotel_Las_Vegas-Las_Vegas_Nevada.html,-1,las vegas,nv,usa,89109,-1,-1,48,3.5555555556,3.1111111111,3.7777777778,4.1481481481,3.6666666667,0,3.6518518519
usa_nevada_las-vegas_riviera_hotel_casino,riviera hotel casino,http://www.tripadvisor.com/ShowUserReviews-g45963-d97735-r50450762-Riviera_Hotel_Casino-Las_Vegas_Nevada.html,-1,las vegas,nv,usa,89109,-1,-1,602,3.3222591362,3.1926910299,2.9734219269,2.877076412,3.3122923588,0,3.1355481728
usa_nevada_las-vegas_comfort_inn,comfort inn,http://www.tripadvisor.com/ShowUserReviews-g45963-d91910-r46294902-Comfort_Inn-Las_Vegas_Nevada.html,-1,las vegas,nv,usa,89109,-1,-1,44,3.7,3.7,3.7,3.75,3.95,0,3.76
usa_nevada_las-vegas_hooters_casino_hotel,hooters casino hotel,http://www.tripadvisor.com/ShowUserReviews-g45963-d600446-r50500554-Hooters_Casino_Hotel-Las_Vegas_Nevada.html,-1,las vegas,nv,usa,89109,-1,-1,351,3.2259136213,3.1760797342,3.3189368771,3.7142857143,3.6677740864,0,3.4205980066
usa_nevada_las-vegas_courtyard_by_marriott_las_vegas_convention_center,courtyard by marriott las vegas convention center,http://www.tripadvisor.com/ShowUserReviews-g45963-d91783-r45892887-Courtyard_by_Marriott_Las_Vegas_Convention_Center-Las_Vegas_Nevada.html,-1,las vegas,nv,usa,89109,-1,-1,17,4.4545454545,3.8181818182,3.8181818182,3.6363636364,4.0909090909,0,3.9636363636
usa_nevada_las-vegas_palace_station,palace station,http://www.tripadvisor.com/ShowUserReviews-g45963-d91909-r48902465-Palace_Station-Las_Vegas_Nevada.html,-1,las vegas,nv,usa,89102,-1,-1,297,3.6312056738,3.3262411348,3.4255319149,3.0070921986,3.4822695035,0,3.3744680851
usa_nevada_las-vegas_jet_luxury_resorts_platinum_hotel_spa,jet luxury resorts platinum hotel spa,http://www.tripadvisor.com/ShowUserReviews-g45963-d1234445-r34976718-Jet_Luxury_Resorts_Platinum_Hotel_Spa-Las_Vegas_Nevada.html,-1,las vegas,nv,usa,89169,-1,-1,-1,0,0,0,0,0,0,-1
usa_nevada_las-vegas_california_hotel,california hotel,http://www.tripadvisor.com/ShowUserReviews-g45963-d91763-r47672155-California_Hotel-Las_Vegas_Nevada.html,-1,las vegas,nv,usa,89101,-1,-1,48,3.88,3.68,3.56,3.8,3.92,0,3.768
usa_nevada_las-vegas_fairmont_hotel,fairmont hotel,http://www.tripadvisor.com/ShowUserReviews-g45963-d294800-r50258680-Fairmont_Hotel-Las_Vegas_Nevada.html,-1,las vegas,nv,usa,89104,-1,-1,1,4,5,3,5,5,0,4.4
usa_nevada_las-vegas_imperial_palace_hotel_casino,imperial palace hotel casino,http://www.tripadvisor.com/ShowUserReviews-g45963-d186114-r50368855-Imperial_Palace_Hotel_Casino-Las_Vegas_Nevada.html,-1,las vegas,nv,usa,89109,-1,-1,321,3.2159468439,2.8936877076,3.1926910299,4.6445182724,3.877076412,0,3.5647840532
usa_nevada_las-vegas_holiday_inn_express_las_vegas_nellis,holiday inn express las vegas nellis,http://www.tripadvisor.com/ShowUserReviews-g45963-d224650-r32543804-Holiday_Inn_Express_Las_Vegas_Nellis-Las_Vegas_Nevada.html,-1,las vegas,nv,usa,89115,-1,-1,8,4.5,4.5,4.75,2.5,3.75,0,4
usa_nevada_las-vegas_candlewood_suites_las_vegas,candlewood suites las vegas,http://www.tripadvisor.com/ShowUserReviews-g45963-d91764-r49452293-Candlewood_Suites_Las_Vegas-Las_Vegas_Nevada.html,-1,las vegas,nv,usa,89169,-1,-1,73,3.6285714286,3.1714285714,3.3428571429,3.0857142857,3.6285714286,0,3.3714285714
usa_nevada_las-vegas_fitzgeralds_casino_hotel,fitzgeralds casino hotel,http://www.tripadvisor.com/ShowUserReviews-g45963-d91679-r50231222-Fitzgeralds_Casino_Hotel-Las_Vegas_Nevada.html,-1,las vegas,nv,usa,89101,-1,-1,328,3.3624161074,3.1006711409,3.5570469799,3.9463087248,3.6174496644,0,3.5167785235
usa_nevada_las-vegas_best_western_mccarran_inn,best western mccarran inn,http://www.tripadvisor.com/ShowUserReviews-g45963-d76082-r49074886-Best_Western_McCarran_Inn-Las_Vegas_Nevada.html,-1,las vegas,nv,usa,89119-1206,-1,-1,60,3.8947368421,3.5,3.5789473684,3.6842105263,3.6315789474,0,3.6578947368
usa_nevada_las-vegas_best_western_mardi_gras_hotel_casino,best western mardi gras hotel casino,http://www.tripadvisor.com/ShowUserReviews-g45963-d76091-r49285841-Best_Western_Mardi_Gras_Hotel_Casino-Las_Vegas_Nevada.html,-1,las vegas,nv,usa,89109-3611,-1,-1,186,3.375,3.2604166667,3.2291666667,3.1458333333,3.3125,0,3.2645833333
usa_nevada_las-vegas_comfort_inn_suites_las_vegas,comfort inn suites las vegas,http://www.tripadvisor.com/ShowUserReviews-g45963-d639479-r42020353-Comfort_Inn_Suites_Las_Vegas-Las_Vegas_Nevada.html,-1,las vegas,nv,usa,89115,-1,-1,7,4.5714285714,4.8571428571,4.8571428571,3.7142857143,4.4285714286,0,4.4857142857
usa_nevada_las-vegas_rodeway_inn,rodeway inn,http://www.tripadvisor.com/ShowUserReviews-g45963-d91923-r41699325-Rodeway_Inn-Las_Vegas_Nevada.html,-1,las vegas,nv,usa,89109,-1,-1,15,4,3.5714285714,3.7142857143,4.1428571429,4,0,3.8857142857
usa_nevada_las-vegas_circus_circus_hotel_casino_las_vegas,circus circus hotel casino las vegas,http://www.tripadvisor.com/ShowUserReviews-g45963-d91770-r50256125-Circus_Circus_Hotel_Casino_Las_Vegas-Las_Vegas_Nevada.html,-1,las vegas,nv,usa,89109,-1,-1,342,3.1661129568,3.049833887,2.9601328904,2.877076412,3.5681063123,0,3.1242524917
usa_nevada_las-vegas_arizona_charlie_s_boulder_casino_hotel,arizona charlie s boulder casino hotel,http://www.tripadvisor.com/ShowUserReviews-g45963-d91696-r48949076-Arizona_Charlie_s_Boulder_Casino_Hotel-Las_Vegas_Nevada.html,-1,las vegas,nv,usa,89121,-1,-1,49,3.1785714286,3.3214285714,3.3214285714,3,3.6428571429,0,3.2928571429
usa_nevada_las-vegas_boulder_station_hotel_and_casino,boulder station hotel and casino,http://www.tripadvisor.com/ShowUserReviews-g45963-d91735-r48217547-Boulder_Station_Hotel_and_Casino-Las_Vegas_Nevada.html,-1,las vegas,nv,usa,89121,-1,-1,62,3.2307692308,3.1538461538,3.4230769231,3.3461538462,3.6153846154,0,3.3538461538
usa_nevada_las-vegas_motel_6_las_vegas_tropicana,motel 6 las vegas tropicana,http://www.tripadvisor.com/ShowUserReviews-g45963-d114906-r48531293-Motel_6_Las_Vegas_Tropicana-Las_Vegas_Nevada.html,-1,las vegas,nv,usa,89109,-1,-1,81,3.1951219512,2.9024390244,3.0731707317,3.7073170732,3.5609756098,0,3.287804878
usa_nevada_las-vegas_crestwood_suites_las_vegas_flamingo,crestwood suites las vegas flamingo,http://www.tripadvisor.com/ShowUserReviews-g45963-d265212-r40277825-Crestwood_Suites_Las_Vegas_Flamingo-Las_Vegas_Nevada.html,-1,las vegas,nv,usa,89121,-1,-1,17,3,3,3,3.7,3.8,0,3.3
usa_nevada_las-vegas_travelsuites_inn,travelsuites inn,http://www.tripadvisor.com/ShowUserReviews-g45963-d224852-r14888947-Travelsuites_Inn-Las_Vegas_Nevada.html,-1,las vegas,nv,usa,89109,-1,-1,19,1.6,1.6,1.8,3.6,2,0,2.12
usa_nevada_las-vegas_gold_spike_hotel_and_casino,gold spike hotel and casino,http://www.tripadvisor.com/ShowUserReviews-g45963-d114905-r48990189-Gold_Spike_Hotel_and_Casino-Las_Vegas_Nevada.html,-1,las vegas,nv,usa,89109,-1,-1,114,3.1153846154,2.9230769231,3.3461538462,3.5384615385,4,0,3.3846153846
usa_nevada_las-vegas_siena_suites,siena suites,http://www.tripadvisor.com/ShowUserReviews-g45963-d508086-r50305754-Siena_Suites-Las_Vegas_Nevada.html,-1,las vegas,nv,usa,89122,-1,-1,36,3.6818181818,3.5454545455,3.3181818182,3.2727272727,3.7727272727,0,3.5181818182
usa_nevada_las-vegas_texas_station_gambling_hall_and_hotel,texas station gambling hall and hotel,http://www.tripadvisor.com/ShowUserReviews-g45963-d91948-r50450381-Texas_Station_Gambling_Hall_and_Hotel-Las_Vegas_Nevada.html,-1,las vegas,nv,usa,89030,-1,-1,43,3.5185185185,3.3333333333,3.0740740741,2.6666666667,3.3703703704,0,3.1925925926
usa_nevada_las-vegas_alexis_park_resort,alexis park resort,http://www.tripadvisor.com/ShowUserReviews-g45963-d91689-r50519490-Alexis_Park_Resort-Las_Vegas_Nevada.html,-1,las vegas,nv,usa,89109,-1,-1,214,3.3666666667,3.1444444444,3.1111111111,2.8888888889,3.1555555556,0,3.1333333333
usa_nevada_las-vegas_tod_motor_motel,tod motor motel,http://www.tripadvisor.com/ShowUserReviews-g45963-d289151-r45932677-Tod_Motor_Motel-Las_Vegas_Nevada.html,-1,las vegas,nv,usa,89104,-1,-1,16,3.5384615385,3.3076923077,4.1538461538,3.6153846154,4,0,3.7230769231
usa_nevada_las-vegas_las_vegas_club_casino_hotel,las vegas club casino hotel,http://www.tripadvisor.com/ShowUserReviews-g45963-d91876-r50459802-Las_Vegas_Club_Casino_Hotel-Las_Vegas_Nevada.html,-1,las vegas,nv,usa,89101,-1,-1,175,2.9487179487,2.7948717949,3.3333333333,3.8333333333,3.4487179487,0,3.2717948718
usa_nevada_las-vegas_streamline_tower,streamline tower,http://www.tripadvisor.com/ShowUserReviews-g45963-d1146295-r21172683-Streamline_Tower-Las_Vegas_Nevada.html,-1,las vegas,nv,usa,89101,-1,-1,1,5,5,5,5,5,0,5
usa_nevada_las-vegas_hampton_inn_suites_las_vegas_airport,hampton inn suites las vegas airport,http://www.tripadvisor.com/ShowUserReviews-g45963-d1116376-r37943066-Hampton_Inn_Suites_Las_Vegas_Airport-Las_Vegas_Nevada.html,-1,las vegas,nv,usa,89119,-1,-1,3,5,5,3.6666666667,3.6666666667,4.3333333333,0,4.3333333333
usa_nevada_las-vegas_super_8_las_vegas,super 8 las vegas,http://www.tripadvisor.com/ShowUserReviews-g45963-d111731-r50161473-Super_8_Las_Vegas-Las_Vegas_Nevada.html,-1,las vegas,nv,usa,89109,-1,-1,57,3.5833333333,3.1666666667,3.3055555556,3.8888888889,3.9166666667,0,3.5722222222
usa_nevada_las-vegas_best_western_main_street_inn,best western main street inn,http://www.tripadvisor.com/ShowUserReviews-g45963-d76101-r36440453-Best_Western_Main_Street_Inn-Las_Vegas_Nevada.html,-1,las vegas,nv,usa,89101-1011,-1,-1,17,4.2,3.8,4,3.1,4,0,3.82
usa_nevada_las-vegas_sahara_hotel_casino,sahara hotel casino,http://www.tripadvisor.com/ShowUserReviews-g45963-d97733-r50515593-Sahara_Hotel_Casino-Las_Vegas_Nevada.html,-1,las vegas,nv,usa,89109,-1,-1,350,2.7475083056,2.5448504983,2.9368770764,2.8936877076,3.1627906977,0,2.8571428571
usa_nevada_las-vegas_arizona_charlie_s_decatur,arizona charlie s decatur,http://www.tripadvisor.com/ShowUserReviews-g45963-d91695-r48955740-Arizona_Charlie_s_Decatur-Las_Vegas_Nevada.html,-1,las vegas,nv,usa,89107,-1,-1,35,3.125,2.75,3.125,2.4375,3.0625,0,2.9
usa_nevada_las-vegas_homestead_studio_suites_las_vegas_midtown,homestead studio suites las vegas midtown,http://www.tripadvisor.com/ShowUserReviews-g45963-d121308-r45524096-Homestead_Studio_Suites_Las_Vegas_Midtown-Las_Vegas_Nevada.html,-1,las vegas,nv,usa,89109,-1,-1,13,2.8333333333,3.1666666667,2.6666666667,3.6666666667,3,0,3.0666666667
usa_nevada_las-vegas_siegel_suites,siegel suites,http://www.tripadvisor.com/ShowUserReviews-g45963-d1547073-r45231853-Siegel_Suites-Las_Vegas_Nevada.html,-1,las vegas,nv,usa,-1,-1,-1,1,4,4,4,5,4,0,4.2
usa_nevada_las-vegas_tropicana_resort_and_casino,tropicana resort and casino,http://www.tripadvisor.com/ShowUserReviews-g45963-d97730-r50308031-Tropicana_Resort_and_Casino-Las_Vegas_Nevada.html,-1,las vegas,nv,usa,89109,-1,-1,363,2.6644518272,2.5282392027,3.0664451827,3.926910299,3.073089701,0,3.0518272425
usa_nevada_las-vegas_boardwalk_hotel_and_casino,boardwalk hotel and casino,http://www.tripadvisor.com/ShowUserReviews-g45963-d1203674-r32646369-Boardwalk_Hotel_and_Casino-Las_Vegas_Nevada.html,-1,las vegas,nv,usa,89109,-1,-1,-1,0,0,0,0,0,0,-1
usa_nevada_las-vegas_regency_motel,regency motel,http://www.tripadvisor.com/ShowUserReviews-g45963-d603860-r13718802-Regency_Motel-Las_Vegas_Nevada.html,-1,las vegas,nv,usa,89101,-1,-1,2,4.5,4,4,3.5,4,0,4
usa_nevada_las-vegas_courtyard_by_marriott_las_vegas_summerlin,courtyard by marriott las vegas summerlin,http://www.tripadvisor.com/ShowUserReviews-g45963-d91785-r17271611-Courtyard_by_Marriott_Las_Vegas_Summerlin-Las_Vegas_Nevada.html,-1,las vegas,nv,usa,89108,-1,-1,11,3.75,3.75,3.75,3.5,3.75,0,3.7
usa_nevada_las-vegas_lady_luck_casino_hotel,lady luck casino hotel,http://www.tripadvisor.com/ShowUserReviews-g45963-d672513-r3910360-Lady_Luck_Casino_Hotel-Las_Vegas_Nevada.html,-1,las vegas,nv,usa,89101,-1,-1,1,3,3,3,3,3,0,3
usa_nevada_las-vegas_best_western_parkview_inn,best western parkview inn,http://www.tripadvisor.com/ShowUserReviews-g45963-d91728-r10048968-Best_Western_Parkview_Inn-Las_Vegas_Nevada.html,-1,las vegas,nv,usa,89101,-1,-1,6,4,3.6,4.2,2.8,4,0,3.72
usa_nevada_las-vegas_jerry_s_nugget,jerry s nugget,http://www.tripadvisor.com/ShowUserReviews-g45963-d121327-r23328262-Jerry_s_Nugget-Las_Vegas_Nevada.html,-1,las vegas,nv,usa,89119,-1,-1,6,0,0,0,0,0,0,-1
usa_nevada_las-vegas_somerset_house_motel,somerset house motel,http://www.tripadvisor.com/ShowUserReviews-g45963-d91936-r47783017-Somerset_House_Motel-Las_Vegas_Nevada.html,-1,las vegas,nv,usa,89109,-1,-1,40,3.9,3.5,3.9,4.5,4,0,3.96
usa_nevada_las-vegas_plaza_hotel_casino,plaza hotel casino,http://www.tripadvisor.com/ShowUserReviews-g45963-d97815-r50511766-Plaza_Hotel_Casino-Las_Vegas_Nevada.html,-1,las vegas,nv,usa,89101,-1,-1,365,2.6464088398,2.3867403315,2.7845303867,3.7403314917,3.0110497238,0,2.9138121547
usa_nevada_las-vegas_highland_inn_motel,highland inn motel,http://www.tripadvisor.com/ShowUserReviews-g45963-d1016379-r14603751-Highland_Inn_Motel-Las_Vegas_Nevada.html,-1,las vegas,nv,usa,89139,-1,-1,1,3,3,3,4,4,0,3.4
usa_nevada_las-vegas_holiday_inn_express_the_lakes_las_vegas,holiday inn express the lakes las vegas,http://www.tripadvisor.com/ShowUserReviews-g45963-d91853-r34378350-Holiday_Inn_Express_The_Lakes_Las_Vegas-Las_Vegas_Nevada.html,-1,las vegas,nv,usa,89117,-1,-1,6,4,3.3333333333,4,3.6666666667,3.3333333333,0,3.6666666667
usa_nevada_las-vegas_econo_lodge,econo lodge,http://www.tripadvisor.com/ShowUserReviews-g45963-d91803-r43905523-Econo_Lodge-Las_Vegas_Nevada.html,-1,las vegas,nv,usa,89104-1312,-1,-1,18,2.6666666667,2.4166666667,3.0833333333,2,2.9166666667,0,2.6166666667
usa_nevada_las-vegas_americas_best_value_inn_las_vegas,americas best value inn las vegas,http://www.tripadvisor.com/ShowUserReviews-g45963-d97693-r50292929-Americas_Best_Value_Inn_Las_Vegas-Las_Vegas_Nevada.html,-1,las vegas,nv,usa,89109,-1,-1,80,2.4054054054,2.2432432432,2.5405405405,3.6486486486,2.8108108108,0,2.7297297297
usa_nevada_las-vegas_la_quinta_inn_and_suites_tropicana,la quinta inn and suites tropicana,http://www.tripadvisor.com/ShowUserReviews-g45963-d91708-r42884603-La_Quinta_Inn_and_Suites_Tropicana-Las_Vegas_Nevada.html,-1,las vegas,nv,usa,89118,-1,-1,16,3.7272727273,3.1818181818,3.2727272727,3.3636363636,3.3636363636,0,3.3818181818
usa_nevada_las-vegas_fun_city_motel,fun city motel,http://www.tripadvisor.com/ShowUserReviews-g45963-d91822-r20617385-Fun_City_Motel-Las_Vegas_Nevada.html,-1,las vegas,nv,usa,89104,-1,-1,1,3,3,3,4,5,0,3.6
usa_nevada_las-vegas_holiday_motel,holiday motel,http://www.tripadvisor.com/ShowUserReviews-g45963-d503600-r7702567-Holiday_Motel-Las_Vegas_Nevada.html,-1,las vegas,nv,usa,89104,-1,-1,4,4,3,4,2,4,0,3.4
usa_nevada_las-vegas_western_hotel_casino,western hotel casino,http://www.tripadvisor.com/ShowUserReviews-g45963-d91684-r42941607-Western_Hotel_Casino-Las_Vegas_Nevada.html,-1,las vegas,nv,usa,89101,-1,-1,19,3,3,3,3,3,0,3
usa_nevada_las-vegas_primm_valley_resort_hotel_las_vegas,primm valley resort hotel las vegas,http://www.tripadvisor.com/ShowUserReviews-g45963-d1212779-r45680988-Primm_Valley_Resort_Hotel_Las_Vegas-Las_Vegas_Nevada.html,-1,las vegas,nv,usa,-1,-1,-1,5,4.25,3.5,3.75,3.75,3.5,0,3.75
usa_nevada_las-vegas_las_vegas_mini_castle,las vegas mini castle,http://www.tripadvisor.com/ShowUserReviews-g45963-d672517-r10052230-Las_Vegas_Mini_Castle-Las_Vegas_Nevada.html,-1,las vegas,nv,usa,89123,-1,-1,1,5,5,5,5,5,0,5
usa_nevada_las-vegas_greek_isles_hotel_casino,greek isles hotel casino,http://www.tripadvisor.com/ShowUserReviews-g45963-d91799-r50114475-Greek_Isles_Hotel_Casino-Las_Vegas_Nevada.html,-1,las vegas,nv,usa,89109,-1,-1,32,2.9230769231,2.9230769231,2.6923076923,2.9230769231,3.1538461538,0,2.9230769231
usa_nevada_las-vegas_ogden_house_motel,ogden house motel,http://www.tripadvisor.com/ShowUserReviews-g45963-d289138-r10553386-Ogden_House_Motel-Las_Vegas_Nevada.html,-1,las vegas,nv,usa,89101,-1,-1,10,3.5,3.5,3.5,3.5,4.5,0,3.7
usa_nevada_las-vegas_koala_motel_apartments,koala motel apartments,http://www.tripadvisor.com/ShowUserReviews-g45963-d91805-r1509846-Koala_Motel_Apartments-Las_Vegas_Nevada.html,-1,las vegas,nv,usa,89101,-1,-1,-1,0,0,0,0,0,0,-1
usa_nevada_las-vegas_whiskey_pete_s_casino_and_hotel,whiskey pete s casino and hotel,http://www.tripadvisor.com/ShowUserReviews-g45963-d114880-r50267215-Whiskey_Pete_s_Casino_and_Hotel-Las_Vegas_Nevada.html,-1,las vegas,nv,usa,89019,-1,-1,107,3.0847457627,2.9661016949,2.9830508475,3.0847457627,3.4745762712,0,3.1186440678
usa_nevada_las-vegas_extended_stay_deluxe_las_vegas_east_flamingo,extended stay deluxe las vegas east flamingo,http://www.tripadvisor.com/ShowUserReviews-g45963-d91860-r27476509-Extended_Stay_Deluxe_Las_Vegas_East_Flamingo-Las_Vegas_Nevada.html,-1,las vegas,nv,usa,89119,-1,-1,13,2.875,2.625,3.25,3.25,3.25,0,3.05
usa_nevada_las-vegas_tropicana_inn,tropicana inn,http://www.tripadvisor.com/ShowUserReviews-g45963-d91968-r50238520-Tropicana_Inn-Las_Vegas_Nevada.html,-1,las vegas,nv,usa,89119,-1,-1,70,2.96875,2.71875,3.03125,3.875,2.875,0,3.09375
usa_nevada_las-vegas_bonanza_lodge,bonanza lodge,http://www.tripadvisor.com/ShowUserReviews-g45963-d91733-r855962-Bonanza_Lodge-Las_Vegas_Nevada.html,-1,las vegas,nv,usa,89101,-1,-1,-1,0,0,0,0,0,0,-1
usa_nevada_las-vegas_jet_luxury_resorts_palms_place,jet luxury resorts palms place,http://www.tripadvisor.com/ShowUserReviews-g45963-d1234439-r46259679-Jet_Luxury_Resorts_Palms_Place-Las_Vegas_Nevada.html,-1,las vegas,nv,usa,89103,-1,-1,1,3,5,3,2,4,0,3.4
usa_nevada_las-vegas_the_suites_boulder_strip,the suites boulder strip,http://www.tripadvisor.com/ShowUserReviews-g45963-d91745-r42283543-The_Suites_Boulder_Strip-Las_Vegas_Nevada.html,-1,las vegas,nv,usa,89119,-1,-1,2,3,3,3,4,3,0,3.2
usa_nevada_las-vegas_siegel_slots_and_suites,siegel slots and suites,http://www.tripadvisor.com/ShowUserReviews-g45963-d91702-r49983184-Siegel_Slots_and_Suites-Las_Vegas_Nevada.html,-1,las vegas,nv,usa,89115,-1,-1,7,3.25,3,3.25,3.25,4.25,0,3.4
usa_nevada_las-vegas_friendship_inn_king_albert,friendship inn king albert,http://www.tripadvisor.com/ShowUserReviews-g45963-d91819-r1510201-Friendship_Inn_King_Albert-Las_Vegas_Nevada.html,-1,las vegas,nv,usa,89109,-1,-1,-1,0,0,0,0,0,0,-1
usa_nevada_las-vegas_stardust_resort_casino,stardust resort casino,http://www.tripadvisor.com/ShowUserReviews-g45963-d1204933-r28196285-Stardust_Resort_Casino-Las_Vegas_Nevada.html,-1,las vegas,nv,usa,-1,-1,-1,1,3,3,3,3,3,0,3
usa_nevada_las-vegas_viva_las_vegas_villas,viva las vegas villas,http://www.tripadvisor.com/ShowUserReviews-g45963-d268481-r4123848-Viva_Las_Vegas_Villas-Las_Vegas_Nevada.html,-1,las vegas,nv,usa,89104,-1,-1,5,0,0,0,0,0,0,-1
usa_nevada_las-vegas_the_stay_in_summerlin,the stay in summerlin,http://www.tripadvisor.com/ShowUserReviews-g45963-d505800-r3460454-The_Stay_in_Summerlin-Las_Vegas_Nevada.html,-1,las vegas,nv,usa,89135,-1,-1,-1,0,0,0,0,0,0,-1
usa_nevada_las-vegas_wild_wild_west_gambling_hall_and_hotel,wild wild west gambling hall and hotel,http://www.tripadvisor.com/ShowUserReviews-g45963-d91981-r50003800-Wild_Wild_West_Gambling_Hall_and_Hotel-Las_Vegas_Nevada.html,-1,las vegas,nv,usa,89103,-1,-1,90,2.6888888889,2.4,2.2888888889,2.8666666667,2.6222222222,0,2.5733333333
usa_nevada_las-vegas_super_suites,super suites,http://www.tripadvisor.com/ShowUserReviews-g45963-d121317-r1662037-Super_Suites-Las_Vegas_Nevada.html,-1,las vegas,nv,usa,89121,-1,-1,-1,0,0,0,0,0,0,-1
usa_nevada_las-vegas_malibu_bay_suites,malibu bay suites,http://www.tripadvisor.com/ShowUserReviews-g45963-d253129-r1443289-Malibu_Bay_Suites-Las_Vegas_Nevada.html,-1,las vegas,nv,usa,89123,-1,-1,4,0,0,0,0,0,0,-1
usa_nevada_las-vegas_aztec_inn,aztec inn,http://www.tripadvisor.com/ShowUserReviews-g45963-d91698-r3293990-Aztec_Inn-Las_Vegas_Nevada.html,-1,las vegas,nv,usa,89104,-1,-1,6,0,0,0,0,0,0,-1
usa_nevada_las-vegas_bel_aire_west,bel aire west,http://www.tripadvisor.com/ShowUserReviews-g45963-d277718-r1530369-Bel_Aire_West-Las_Vegas_Nevada.html,-1,las vegas,nv,usa,89147,-1,-1,5,0,0,0,0,0,0,-1
usa_nevada_las-vegas_quality_inn_key_largo_casino,quality inn key largo casino,http://www.tripadvisor.com/ShowUserReviews-g45963-d570083-r21586643-Quality_Inn_Key_Largo_Casino-Las_Vegas_Nevada.html,-1,las vegas,nv,usa,89109,-1,-1,2,3.5,3.5,4,3.5,4,0,3.7
usa_nevada_las-vegas_nevada_hotel_casino,nevada hotel casino,http://www.tripadvisor.com/ShowUserReviews-g45963-d654305-r8592331-Nevada_Hotel_Casino-Las_Vegas_Nevada.html,-1,las vegas,nv,usa,89101,-1,-1,1,1,1,1,1,1,0,1
usa_nevada_las-vegas_town_and_country_manor_iii,town and country manor iii,http://www.tripadvisor.com/ShowUserReviews-g45963-d121302-r38626366-Town_and_Country_Manor_III-Las_Vegas_Nevada.html,-1,las vegas,nv,usa,89122,-1,-1,4,3.3333333333,3,3,3.6666666667,3.3333333333,0,3.2666666667
usa_nevada_las-vegas_fiesta_hotel_and_casino,fiesta hotel and casino,http://www.tripadvisor.com/ShowUserReviews-g45963-d121329-r34900247-Fiesta_Hotel_and_Casino-Las_Vegas_Nevada.html,-1,las vegas,nv,usa,89130,-1,-1,18,2.3636363636,2.1818181818,2.3636363636,1.7272727273,2.6363636364,0,2.2545454545
usa_nevada_las-vegas_best_western_nellis_motor_inn,best western nellis motor inn,http://www.tripadvisor.com/ShowUserReviews-g45963-d76073-r20729046-Best_Western_Nellis_Motor_Inn-Las_Vegas_Nevada.html,-1,las vegas,nv,usa,89115,-1,-1,10,2.8571428571,2.5714285714,3,2.5714285714,2.7142857143,0,2.7428571429
usa_nevada_las-vegas_americas_best_value_inn,americas best value inn,http://www.tripadvisor.com/ShowUserReviews-g45963-d97750-r45932544-Americas_Best_Value_Inn-Las_Vegas_Nevada.html,-1,las vegas,nv,usa,89115,-1,-1,5,3,2.6,2.8,4.4,3.4,0,3.24
usa_nevada_las-vegas_downtowner_motel,downtowner motel,http://www.tripadvisor.com/ShowUserReviews-g45963-d121309-r18578903-Downtowner_Motel-Las_Vegas_Nevada.html,-1,las vegas,nv,usa,89101,-1,-1,10,4,4,4,3,2,0,3.4
usa_nevada_las-vegas_howard_johnson_las_vegas_strip,howard johnson las vegas strip,http://www.tripadvisor.com/ShowUserReviews-g45963-d91962-r50126045-Howard_Johnson_Las_Vegas_Strip-Las_Vegas_Nevada.html,-1,las vegas,nv,usa,89104,-1,-1,32,2.5909090909,2.1818181818,2.5909090909,2.4090909091,2.4545454545,0,2.4454545455
usa_nevada_las-vegas_blair_house_suites,blair house suites,http://www.tripadvisor.com/ShowUserReviews-g45963-d91730-r46822565-Blair_House_Suites-Las_Vegas_Nevada.html,-1,las vegas,nv,usa,89109,-1,-1,36,2.6875,2.5,2.875,3.4375,3.0625,0,2.9125
usa_nevada_las-vegas_super_8_las_vegas_nellis_afb,super 8 las vegas nellis afb,http://www.tripadvisor.com/ShowUserReviews-g45963-d91946-r17091906-Super_8_Las_Vegas_Nellis_AFB-Las_Vegas_Nevada.html,-1,las vegas,nv,usa,89115,-1,-1,8,4,2.75,3.25,2.75,3,0,3.15
usa_nevada_las-vegas_las_vegas_south_strip_travelodge,las vegas south strip travelodge,http://www.tripadvisor.com/ShowUserReviews-g45963-d91965-r48973246-Las_Vegas_South_Strip_Travelodge-Las_Vegas_Nevada.html,-1,las vegas,nv,usa,89109,-1,-1,44,3.1764705882,2.5882352941,3.3529411765,4.2352941176,3.0588235294,0,3.2823529412
usa_nevada_las-vegas_aruba_hotel,aruba hotel,http://www.tripadvisor.com/ShowUserReviews-g45963-d91950-r48837145-Aruba_Hotel-Las_Vegas_Nevada.html,-1,las vegas,nv,usa,89104,-1,-1,34,2.5384615385,2.5384615385,3.1538461538,2.3846153846,3,0,2.7230769231
usa_nevada_las-vegas_atrium_suites_hotel_las_vegas,atrium suites hotel las vegas,http://www.tripadvisor.com/ShowUserReviews-g45963-d91915-r18628809-Atrium_Suites_Hotel_Las_Vegas-Las_Vegas_Nevada.html,-1,las vegas,nv,usa,89119,-1,-1,38,3.5,2.875,3.625,3,3,0,3.2
usa_nevada_las-vegas_budget_suites_of_america_stardust_road,budget suites of america stardust road,http://www.tripadvisor.com/ShowUserReviews-g45963-d91754-r4389834-Budget_Suites_of_America_Stardust_Road-Las_Vegas_Nevada.html,-1,las vegas,nv,usa,89109,-1,-1,4,0,0,0,0,0,0,-1
usa_nevada_las-vegas_budget_suites_of_america_wynn,budget suites of america wynn,http://www.tripadvisor.com/ShowUserReviews-g45963-d91761-r29044439-Budget_Suites_of_America_Wynn-Las_Vegas_Nevada.html,-1,las vegas,nv,usa,89103,-1,-1,9,2.3333333333,2.3333333333,2.6666666667,2.6666666667,2.3333333333,0,2.4666666667
usa_nevada_las-vegas_golden_palm_hotel,golden palm hotel,http://www.tripadvisor.com/ShowUserReviews-g45963-d654272-r30358512-Golden_Palm_Hotel-Las_Vegas_Nevada.html,-1,las vegas,nv,usa,89103,-1,-1,5,1.5,1,2,2,2,0,1.7
usa_nevada_las-vegas_the_new_frontier_hotel_and_casino,the new frontier hotel and casino,http://www.tripadvisor.com/ShowUserReviews-g45963-d1161677-r36225629-The_New_Frontier_Hotel_And_Casino-Las_Vegas_Nevada.html,-1,las vegas,nv,usa,89109,-1,-1,2,1.5,1,1,2,1,0,1.3
usa_nevada_las-vegas_fairfield_inn_suites_las_vegas_south,fairfield inn suites las vegas south,http://www.tripadvisor.com/ShowUserReviews-g45963-d294797-r47728811-Fairfield_Inn_Suites_Las_Vegas_South-Las_Vegas_Nevada.html,-1,las vegas,nv,usa,89118,-1,-1,12,4.8,3.6,4.4,3.6,3.4,0,3.96
usa_nevada_las-vegas_a_fishers_inn,a fishers inn,http://www.tripadvisor.com/ShowUserReviews-g45963-d91686-r12271535-A_Fishers_Inn-Las_Vegas_Nevada.html,-1,las vegas,nv,usa,89121,-1,-1,2,0,0,0,0,0,0,-1
usa_nevada_las-vegas_budget_suites_of_america_tropicana_i_15,budget suites of america tropicana i 15,http://www.tripadvisor.com/ShowUserReviews-g45963-d91757-r15459879-Budget_Suites_of_America_Tropicana_I_15-Las_Vegas_Nevada.html,-1,las vegas,nv,usa,89103,-1,-1,4,0,0,0,0,0,0,-1
usa_nevada_las-vegas_happi_inn,happi inn,http://www.tripadvisor.com/ShowUserReviews-g45963-d1025270-r14567708-Happi_Inn-Las_Vegas_Nevada.html,-1,las vegas,nv,usa,89119,-1,-1,-1,0,0,0,0,0,0,-1
usa_nevada_las-vegas_santa_fe_station_hotel,santa fe station hotel,http://www.tripadvisor.com/ShowUserReviews-g45963-d91930-r39869930-Santa_Fe_Station_Hotel-Las_Vegas_Nevada.html,-1,las vegas,nv,usa,89130,-1,-1,22,2.7272727273,2.1818181818,2.2727272727,2.2727272727,2.4545454545,0,2.3818181818
usa_nevada_las-vegas_oasis_motel,oasis motel,http://www.tripadvisor.com/ShowUserReviews-g45963-d289159-r39176931-Oasis_Motel-Las_Vegas_Nevada.html,-1,las vegas,nv,usa,89104,-1,-1,1,1,1,1,2,1,0,1.2
usa_nevada_las-vegas_super_8_las_vegas_boulder_highway,super 8 las vegas boulder highway,http://www.tripadvisor.com/ShowUserReviews-g45963-d91947-r34238284-Super_8_Las_Vegas_Boulder_Highway-Las_Vegas_Nevada.html,-1,las vegas,nv,usa,89122,-1,-1,11,2.3333333333,2.5,3.3333333333,3,2.6666666667,0,2.7666666667
usa_nevada_las-vegas_super_8_motel_las_vegas_downtown,super 8 motel las vegas downtown,http://www.tripadvisor.com/ShowUserReviews-g45963-d91772-r20852089-Super_8_Motel_Las_Vegas_Downtown-Las_Vegas_Nevada.html,-1,las vegas,nv,usa,89101,-1,-1,10,2.5,2.75,2.5,3.25,2.5,0,2.7
usa_nevada_las-vegas_extended_stayamerica_las_vegas_valley_view,extended stayamerica las vegas valley view,http://www.tripadvisor.com/ShowUserReviews-g45963-d91813-r22775730-Extended_StayAmerica_Las_Vegas_Valley_View-Las_Vegas_Nevada.html,-1,las vegas,nv,usa,89103,-1,-1,15,2.8571428571,2.2857142857,3,3.2857142857,2.2857142857,0,2.7428571429
usa_nevada_las-vegas_the_resort_on_mount_charleston,the resort on mount charleston,http://www.tripadvisor.com/ShowUserReviews-g45963-d557993-r49438286-The_Resort_on_Mount_Charleston-Las_Vegas_Nevada.html,-1,las vegas,nv,usa,89124,-1,-1,46,2.2307692308,2.1538461538,2.5384615385,3.6923076923,2.7692307692,0,2.6769230769
usa_nevada_las-vegas_knights_inn_las_vegas,knights inn las vegas,http://www.tripadvisor.com/ShowUserReviews-g45963-d601417-r32196918-Knights_Inn_Las_Vegas-Las_Vegas_Nevada.html,-1,las vegas,nv,usa,89119,-1,-1,31,2,1.6315789474,1.5789473684,2.3684210526,1.6842105263,0,1.8526315789
usa_nevada_las-vegas_budget_suites_of_america_las_vegas,budget suites of america las vegas,http://www.tripadvisor.com/ShowUserReviews-g45963-d678320-r21655035-Budget_Suites_of_America_Las_Vegas-Las_Vegas_Nevada.html,-1,las vegas,nv,usa,89123-1607,-1,-1,2,2,2,1,3,2,0,2
usa_nevada_las-vegas_budget_suites_of_america_north_rancho_drive,budget suites of america north rancho drive,http://www.tripadvisor.com/ShowUserReviews-g45963-d91750-r19962943-Budget_Suites_of_America_North_Rancho_Drive-Las_Vegas_Nevada.html,-1,las vegas,nv,usa,89130,-1,-1,2,1.5,1,1,2,1,0,1.3
usa_nevada_las-vegas_emerald_suites_tropicana,emerald suites tropicana,http://www.tripadvisor.com/ShowUserReviews-g45963-d275326-r46595501-Emerald_Suites_Tropicana-Las_Vegas_Nevada.html,-1,las vegas,nv,usa,89118,-1,-1,41,2.9285714286,2.8571428571,2.7142857143,2.6428571429,2.9285714286,0,2.8142857143
usa_nevada_las-vegas_circus_circus_manor_motor_lodge,circus circus manor motor lodge,http://www.tripadvisor.com/ShowUserReviews-g45963-d310164-r46279561-Circus_Circus_Manor_Motor_Lodge-Las_Vegas_Nevada.html,-1,las vegas,nv,usa,89109,-1,-1,48,2.8076923077,2.2692307692,2.4230769231,2.4230769231,2.6538461538,0,2.5153846154
usa_nevada_las-vegas_aae_todds_hotel,aae todds hotel,http://www.tripadvisor.com/ShowUserReviews-g45963-d1186259-r39429366-AAE_Todds_Hotel-Las_Vegas_Nevada.html,-1,las vegas,nv,usa,89104,-1,-1,1,1,1,1,2,2,0,1.4
usa_nevada_las-vegas_branding_iron_motel,branding iron motel,http://www.tripadvisor.com/ShowUserReviews-g45963-d91741-r30313079-Branding_Iron_Motel-Las_Vegas_Nevada.html,-1,las vegas,nv,usa,89030,-1,-1,1,1,1,1,2,1,0,1.2
usa_nevada_las-vegas_sahara_westwood_hotel,sahara westwood hotel,http://www.tripadvisor.com/ShowUserReviews-g45963-d258899-r46313648-Sahara_Westwood_Hotel-Las_Vegas_Nevada.html,-1,las vegas,nv,usa,89109,-1,-1,18,2.3076923077,2.2307692308,2.3076923077,2.2307692308,2.3076923077,0,2.2769230769
usa_nevada_las-vegas_manor_suites,manor suites,http://www.tripadvisor.com/ShowUserReviews-g45963-d590247-r33850316-Manor_Suites-Las_Vegas_Nevada.html,-1,las vegas,nv,usa,89119,-1,-1,9,2.3333333333,1.6666666667,2.3333333333,3.6666666667,1.3333333333,0,2.2666666667
usa_nevada_las-vegas_clarion_emerald_springs,clarion emerald springs,http://www.tripadvisor.com/ShowUserReviews-g45963-d186054-r46154448-Clarion_Emerald_Springs-Las_Vegas_Nevada.html,-1,las vegas,nv,usa,89109,-1,-1,41,1.7,1.9,1.9,2.3,1.85,0,1.93
usa_nevada_las-vegas_motel_6_las_vegas_boulder_highway,motel 6 las vegas boulder highway,http://www.tripadvisor.com/ShowUserReviews-g45963-d91896-r21557462-Motel_6_Las_Vegas_Boulder_Highway-Las_Vegas_Nevada.html,-1,las vegas,nv,usa,89121,-1,-1,6,1,1,1.6666666667,2.6666666667,1,0,1.4666666667
usa_nevada_las-vegas_motel_6,motel 6,http://www.tripadvisor.com/ShowUserReviews-g45963-d91794-r44041554-Motel_6-Las_Vegas_Nevada.html,-1,las vegas,nv,usa,89101,-1,-1,23,1.3636363636,1.2727272727,1.1818181818,2.5454545455,1.4545454545,0,1.5636363636
usa_nevada_las-vegas_americana_5,americana 5,http://www.tripadvisor.com/ShowUserReviews-g45963-d552905-r49783825-Americana_5-Las_Vegas_Nevada.html,-1,las vegas,nv,usa,89118,-1,-1,7,2.1428571429,1.7142857143,2.8571428571,2.1428571429,1.7142857143,0,2.1142857143
usa_nevada_las-vegas_extended_stayamerica_las_vegas_boulder_hwy,extended stayamerica las vegas boulder hwy,http://www.tripadvisor.com/ShowUserReviews-g45963-d97850-r37543811-Extended_StayAmerica_Las_Vegas_Boulder_Hwy-Las_Vegas_Nevada.html,-1,las vegas,nv,usa,89121,-1,-1,10,2.8,3,3,3.2,3,0,3
usa_nevada_las-vegas_motel_6_las_vegas_i_15,motel 6 las vegas i 15,http://www.tripadvisor.com/ShowUserReviews-g45963-d91895-r34405769-Motel_6_Las_Vegas_I_15-Las_Vegas_Nevada.html,-1,las vegas,nv,usa,89118,-1,-1,6,1.5,1.5,2,2,2,0,1.8
usa_nevada_las-vegas_the_suites,the suites,http://www.tripadvisor.com/ShowUserReviews-g45963-d91747-r39167354-The_Suites-Las_Vegas_Nevada.html,-1,las vegas,nv,usa,89122,-1,-1,20,2,2.25,1.25,2.75,1.75,0,2
usa_nevada_las-vegas_sportsman_s_royal_manor,sportsman s royal manor,http://www.tripadvisor.com/ShowUserReviews-g45963-d91937-r39144273-Sportsman_s_Royal_Manor-Las_Vegas_Nevada.html,-1,las vegas,nv,usa,89112,-1,-1,7,1.5,1.5,1,2.5,1,0,1.5
usa_nevada_las-vegas_knights_inn,knights inn,http://www.tripadvisor.com/ShowUserReviews-g45963-d91862-r16037740-Knights_Inn-Las_Vegas_Nevada.html,-1,las vegas,nv,usa,89119,-1,-1,67,1.9411764706,1.8823529412,1.6470588235,2.7058823529,1.7647058824,0,1.9882352941
usa_nevada_las-vegas_artisan_hotel,artisan hotel,http://www.tripadvisor.com/ShowUserReviews-g45963-d265890-r50512711-Artisan_Hotel-Las_Vegas_Nevada.html,-1,las vegas,nv,usa,89102,-1,-1,147,2.8604651163,2.5348837209,2.4186046512,2.2093023256,2.3023255814,0,2.4651162791
